date,new_cases,total_cases,new_deaths,total_deaths
2020-02-03,1,1,0.0,0.0
2020-02-04,0,1,0.0,0.0
2020-02-05,0,1,0.0,0.0
2020-02-06,0,1,0.0,0.0
2020-02-07,0,1,0.0,0.0
2020-02-08,0,1,0.0,0.0
2020-02-09,0,1,0.0,0.0
2020-02-10,1,2,0.0,0.0
2020-02-11,4,6,0.0,0.0
2020-02-12,0,6,0.0,0.0
2020-02-13,1,7,0.0,0.0
2020-02-14,0,7,0.0,0.0
2020-02-15,0,7,0.0,0.0
2020-02-16,0,7,0.0,0.0
2020-02-17,1,8,0.0,0.0
2020-02-18,0,8,0.0,0.0
2020-02-19,0,8,0.0,0.0
2020-02-20,0,8,0.0,0.0
2020-02-21,1,9,0.0,0.0
2020-02-22,0,9,0.0,0.0
2020-02-23,3,12,0.0,0.0
2020-02-24,1,13,0.0,0.0
2020-02-25,1,14,0.0,0.0
2020-02-26,0,14,0.0,0.0
2020-02-27,1,15,0.0,0.0
2020-02-28,0,15,0.0,0.0
2020-02-29,1,16,0.0,0.0
2020-03-01,3,19,0.0,0.0
2020-03-02,12,31,0.0,0.0
2020-03-03,6,37,0.0,0.0
2020-03-04,15,52,0.0,0.0
2020-03-05,13,65,0.0,0.0
2020-03-06,23,88,0.0,0.0
2020-03-07,14,102,0.0,0.0
2020-03-08,22,124,0.0,0.0
2020-03-09,54,178,2.0,2.0
2020-03-10,95,273,1.0,3.0
2020-03-11,183,456,3.0,6.0
2020-03-12,167,623,6.0,12.0
2020-03-13,138,761,6.0,18.0
2020-03-14,149,910,11.0,29.0
2020-03-15,165,1075,8.0,37.0
2020-03-16,237,1312,15.0,52.0
2020-03-17,310,1622,24.0,76.0
2020-03-18,357,1979,26.0,102.0
2020-03-19,332,2311,25.0,127.0
2020-03-20,424,2735,46.0,173.0
2020-03-21,348,3083,46.0,219.0
2020-03-22,439,3522,53.0,272.0
2020-03-23,685,4207,56.0,328.0
2020-03-24,636,4843,87.0,415.0
2020-03-25,752,5595,119.0,534.0
2020-03-26,740,6335,123.0,657.0
2020-03-27,818,7153,128.0,785.0
2020-03-28,577,7730,119.0,904.0
2020-03-29,596,8326,144.0,1048.0
2020-03-30,848,9174,148.0,1196.0
2020-03-31,935,10109,181.0,1377.0
2020-04-01,977,11086,189.0,1566.0
2020-04-02,1063,12149,193.0,1759.0
2020-04-03,985,13134,192.0,1951.0
2020-04-04,765,13899,225.0,2176.0
2020-04-05,636,14535,196.0,2372.0
2020-04-06,858,15393,197.0,2569.0
2020-04-07,946,16339,221.0,2790.0
2020-04-08,867,17206,232.0,3022.0
2020-04-09,791,17997,200.0,3222.0
2020-04-10,622,18619,174.0,3396.0
2020-04-11,518,19137,164.0,3560.0
2020-04-12,502,19639,169.0,3729.0
2020-04-13,601,20240,170.0,3899.0
2020-04-14,600,20840,143.0,4042.0
2020-04-15,657,21497,147.0,4189.0
2020-04-16,574,22071,138.0,4327.0
2020-04-17,577,22648,110.0,4437.0
2020-04-18,401,23049,118.0,4555.0
2020-04-19,398,23447,116.0,4671.0
2020-04-20,425,23872,97.0,4768.0
2020-04-21,463,24335,105.0,4873.0
2020-04-22,399,24734,110.0,4983.0
2020-04-23,520,25254,80.0,5063.0
2020-04-24,375,25629,75.0,5138.0
2020-04-25,332,25961,57.0,5195.0
2020-04-26,310,26271,62.0,5257.0
2020-04-27,418,26689,55.0,5312.0
2020-04-28,311,27000,58.0,5370.0
2020-04-29,432,27432,52.0,5422.0
2020-04-30,426,27858,45.0,5467.0
2020-05-01,355,28213,42.0,5509.0
2020-05-02,248,28461,52.0,5561.0
2020-05-03,170,28631,43.0,5604.0
2020-05-04,245,28876,37.0,5641.0
2020-05-05,216,29092,34.0,5675.0
2020-05-06,267,29359,43.0,5718.0
2020-05-07,273,29632,28.0,5746.0
2020-05-08,208,29840,30.0,5776.0
2020-05-09,128,29968,25.0,5801.0
2020-05-10,123,30091,27.0,5828.0
2020-05-11,160,30251,23.0,5851.0
2020-05-12,191,30442,15.0,5866.0
2020-05-13,203,30645,12.0,5878.0
2020-05-14,159,30804,17.0,5895.0
2020-05-15,132,30936,18.0,5913.0
2020-05-16,74,31010,10.0,5923.0
2020-05-17,79,31089,14.0,5937.0
2020-05-18,113,31202,13.0,5950.0
2020-05-19,128,31330,20.0,5970.0
2020-05-20,141,31471,16.0,5986.0
2020-05-21,157,31628,12.0,5998.0
2020-05-22,86,31714,8.0,6006.0
2020-05-23,64,31778,6.0,6012.0
2020-05-24,51,31829,6.0,6018.0
2020-05-25,58,31887,9.0,6027.0
2020-05-26,64,31951,11.0,6038.0
2020-05-27,83,32034,8.0,6046.0
2020-05-28,74,32108,9.0,6055.0
2020-05-29,57,32165,5.0,6060.0
2020-05-30,38,32203,7.0,6067.0
2020-05-31,37,32240,5.0,6072.0
2020-06-01,50,32290,5.0,6077.0
2020-06-02,50,32340,7.0,6084.0
2020-06-03,78,32418,6.0,6090.0
2020-06-04,57,32475,6.0,6096.0
2020-06-05,46,32521,2.0,6098.0
2020-06-06,46,32567,3.0,6101.0
2020-06-07,45,32612,5.0,6106.0
2020-06-08,55,32667,8.0,6114.0
2020-06-09,71,32738,2.0,6116.0
2020-06-10,52,32790,6.0,6122.0
2020-06-11,46,32836,5.0,6127.0
2020-06-12,53,32889,5.0,6132.0
2020-06-13,39,32928,1.0,6133.0
2020-06-14,30,32958,2.0,6135.0
2020-06-15,40,32998,3.0,6138.0
2020-06-16,47,33045,1.0,6139.0
2020-06-17,42,33087,1.0,6140.0
2020-06-18,47,33134,0.0,6140.0
2020-06-19,38,33172,2.0,6142.0
2020-06-20,29,33201,2.0,6144.0
2020-06-21,26,33227,2.0,6146.0
2020-06-22,53,33280,3.0,6149.0
2020-06-23,50,33330,0.0,6149.0
2020-06-24,46,33376,4.0,6153.0
2020-06-25,58,33434,1.0,6154.0
2020-06-26,48,33482,0.0,6154.0
2020-06-27,32,33514,0.0,6154.0
2020-06-28,22,33536,1.0,6155.0
2020-06-29,59,33595,1.0,6156.0
2020-06-30,52,33647,1.0,6157.0
2020-07-01,43,33690,1.0,6158.0
2020-07-02,43,33733,2.0,6160.0
2020-07-03,38,33771,1.0,6161.0
2020-07-04,32,33803,1.0,6162.0
2020-07-05,52,33855,3.0,6165.0
2020-07-06,55,33910,3.0,6168.0
2020-07-07,60,33970,1.0,6169.0
2020-07-08,59,34029,3.0,6172.0
2020-07-09,54,34083,2.0,6174.0
2020-07-10,39,34122,0.0,6174.0
2020-07-11,20,34142,3.0,6177.0
2020-07-12,38,34180,1.0,6178.0
2020-07-13,85,34265,1.0,6179.0
2020-07-14,63,34328,0.0,6179.0
2020-07-15,76,34404,1.0,6180.0
2020-07-16,70,34474,0.0,6180.0
2020-07-17,48,34522,2.0,6182.0
2020-07-18,48,34570,0.0,6182.0
2020-07-19,42,34612,0.0,6182.0
2020-07-20,102,34714,0.0,6182.0
2020-07-21,81,34795,0.0,6182.0
2020-07-22,85,34880,0.0,6182.0
2020-07-23,70,34950,2.0,6184.0
2020-07-24,84,35034,0.0,6184.0
2020-07-25,57,35091,0.0,6184.0
2020-07-26,64,35155,0.0,6184.0
2020-07-27,101,35256,2.0,6186.0
2020-07-28,100,35356,0.0,6186.0
2020-07-29,103,35459,0.0,6186.0
2020-07-30,104,35563,0.0,6186.0
2020-07-31,77,35640,2.0,6188.0
2020-08-01,59,35699,2.0,6190.0
2020-08-02,76,35775,1.0,6191.0
2020-08-03,89,35864,0.0,6191.0
2020-08-04,106,35970,0.0,6191.0
2020-08-05,119,36089,0.0,6191.0
2020-08-06,108,36197,0.0,6191.0
2020-08-07,126,36323,0.0,6191.0
2020-08-08,56,36379,1.0,6192.0
2020-08-09,69,36448,0.0,6192.0
2020-08-10,147,36595,1.0,6193.0
2020-08-11,150,36745,1.0,6194.0
2020-08-12,165,36910,0.0,6194.0
2020-08-13,126,37036,2.0,6196.0
2020-08-14,131,37167,0.0,6196.0
2020-08-15,106,37273,0.0,6196.0
2020-08-16,88,37361,0.0,6196.0
2020-08-17,190,37551,2.0,6198.0
2020-08-18,184,37735,1.0,6199.0
2020-08-19,154,37889,0.0,6199.0
2020-08-20,208,38097,1.0,6200.0
2020-08-21,170,38267,0.0,6200.0
2020-08-22,120,38387,1.0,6201.0
2020-08-23,141,38528,0.0,6201.0
2020-08-24,198,38726,0.0,6201.0
2020-08-25,170,38896,1.0,6202.0
2020-08-26,165,39061,0.0,6202.0
2020-08-27,232,39293,0.0,6202.0
2020-08-28,223,39516,0.0,6202.0
2020-08-29,139,39655,0.0,6202.0
2020-08-30,132,39787,0.0,6202.0
2020-08-31,217,40004,1.0,6203.0
2020-09-01,316,40320,0.0,6203.0
2020-09-02,343,40663,1.0,6204.0
2020-09-03,348,41011,1.0,6205.0
2020-09-04,359,41370,0.0,6205.0
2020-09-05,271,41641,0.0,6205.0
2020-09-06,209,41850,2.0,6207.0
2020-09-07,464,42314,0.0,6207.0
2020-09-08,351,42665,0.0,6207.0
2020-09-09,347,43012,0.0,6207.0
2020-09-10,397,43409,2.0,6209.0
2020-09-11,335,43744,3.0,6212.0
2020-09-12,232,43976,0.0,6212.0
2020-09-13,112,44088,0.0,6212.0
2020-09-14,304,44392,0.0,6212.0
2020-09-15,272,44664,1.0,6213.0
2020-09-16,294,44958,2.0,6215.0
2020-09-17,328,45286,4.0,6219.0
2020-09-18,386,45672,1.0,6220.0
2020-09-19,342,46014,3.0,6223.0
2020-09-20,415,46429,4.0,6227.0
2020-09-21,434,46863,4.0,6231.0
2020-09-22,525,47388,6.0,6237.0
2020-09-23,658,48046,7.0,6244.0
2020-09-24,602,48648,2.0,6246.0
2020-09-25,607,49255,1.0,6247.0
2020-09-26,552,49807,2.0,6249.0
2020-09-27,535,50342,2.0,6251.0
2020-09-28,744,51086,5.0,6256.0
2020-09-29,705,51791,9.0,6265.0
2020-09-30,1006,52797,6.0,6271.0
2020-10-01,1076,53873,5.0,6276.0
2020-10-02,1040,54913,3.0,6279.0
2020-10-03,800,55713,2.0,6281.0
2020-10-04,834,56547,2.0,6283.0
2020-10-05,1298,57845,9.0,6292.0
2020-10-06,1168,59013,5.0,6297.0
2020-10-07,1425,60438,6.0,6303.0
2020-10-08,1481,61919,6.0,6309.0
2020-10-09,1362,63281,7.0,6316.0
2020-10-10,881,64162,6.0,6322.0
2020-10-11,745,64907,4.0,6326.0
2020-10-12,1590,66497,6.0,6332.0
2020-10-13,1440,67937,5.0,6337.0
2020-10-14,1638,69575,4.0,6341.0
2020-10-15,1740,71315,12.0,6353.0
2020-10-16,1685,73000,7.0,6360.0
2020-10-17,1117,74117,4.0,6364.0
2020-10-18,1308,75425,6.0,6370.0
2020-10-19,2359,77784,11.0,6381.0
2020-10-20,2336,80120,7.0,6388.0
2020-10-21,2376,82496,15.0,6403.0
2020-10-22,2200,84696,11.0,6414.0
2020-10-23,2043,86739,6.0,6420.0
2020-10-24,1458,88197,18.0,6438.0
2020-10-25,1303,89500,11.0,6449.0
2020-10-26,2561,92061,12.0,6461.0
2020-10-27,2111,94172,14.0,6475.0
2020-10-28,1996,96168,21.0,6496.0
2020-10-29,2030,98198,12.0,6508.0
2020-10-30,1895,100093,14.0,6522.0
2020-10-31,1403,101496,8.0,6530.0
2020-11-01,1226,102722,17.0,6547.0
2020-11-02,2965,105687,19.0,6566.0
2020-11-03,2162,107849,13.0,6579.0
2020-11-04,2084,109933,16.0,6595.0
2020-11-05,2115,112048,15.0,6610.0
2020-11-06,2145,114193,16.0,6626.0
2020-11-07,1667,115860,23.0,6649.0
2020-11-08,1792,117652,20.0,6669.0
2020-11-09,3128,120780,29.0,6698.0
2020-11-10,2776,123556,15.0,6713.0
2020-11-11,2961,126517,12.0,6725.0
2020-11-12,2890,129407,20.0,6745.0
2020-11-13,2744,132151,13.0,6758.0
2020-11-14,1960,134111,20.0,6778.0
2020-11-15,1830,135941,19.0,6797.0
2020-11-16,3117,139058,30.0,6827.0
2020-11-17,2597,141655,30.0,6857.0
2020-11-18,2488,144143,21.0,6878.0
2020-11-19,2212,146355,27.0,6905.0
2020-11-20,2152,148507,28.0,6933.0
2020-11-21,1514,150021,20.0,6953.0
2020-11-22,1508,151529,29.0,6982.0
2020-11-23,2430,153959,18.0,7000.0
2020-11-24,2179,156138,30.0,7030.0
2020-11-25,2265,158403,39.0,7069.0
2020-11-26,2092,160495,29.0,7098.0
2020-11-27,2234,162729,21.0,7119.0
2020-11-28,1654,164383,33.0,7152.0
2020-11-29,1670,166053,49.0,7201.0
2020-11-30,2720,168773,26.0,7227.0
2020-12-01,2489,171262,22.0,7249.0
2020-12-02,2839,174101,28.0,7277.0
2020-12-03,2487,176588,35.0,7312.0
2020-12-04,2964,179552,33.0,7345.0
2020-12-05,2277,181829,27.0,7372.0
2020-12-06,2445,184274,27.0,7399.0
2020-12-07,3749,188023,35.0,7434.0
2020-12-08,3759,191782,35.0,7469.0
2020-12-09,4462,196244,30.0,7499.0
2020-12-10,5080,201324,28.0,7527.0
2020-12-11,5538,206862,27.0,7554.0
2020-12-12,4749,211611,41.0,7595.0
2020-12-13,5571,217182,29.0,7624.0
2020-12-14,8438,225620,37.0,7661.0
2020-12-15,8974,234594,45.0,7706.0
2020-12-16,10165,244759,30.0,7736.0
2020-12-17,10317,255076,61.0,7797.0
2020-12-18,11002,266078,43.0,7840.0
2020-12-19,7289,273367,48.0,7888.0
2020-12-20,9078,282445,52.0,7940.0
2020-12-21,13495,295940,63.0,8003.0
2020-12-22,13569,309509,75.0,8078.0
2020-12-23,12532,322041,70.0,8148.0
2020-12-24,9594,331635,67.0,8215.0
2020-12-25,4413,336048,90.0,8305.0
2020-12-26,12085,348133,93.0,8398.0
2020-12-27,13364,361497,104.0,8502.0
2020-12-28,10880,372377,103.0,8605.0
2020-12-29,20265,392642,111.0,8716.0
2020-12-30,17658,410300,126.0,8842.0
2020-12-31,12667,422967,129.0,8971.0
2021-01-01,6889,429856,137.0,9108.0
2021-01-02,13941,443797,146.0,9254.0
2021-01-03,13397,457194,138.0,9392.0
2021-01-04,17652,474846,162.0,9554.0
2021-01-05,14895,489741,177.0,9731.0
2021-01-06,13885,503626,161.0,9892.0
2021-01-07,12354,515980,186.0,10078.0
2021-01-08,10770,526750,176.0,10254.0
2021-01-09,8960,535710,179.0,10433.0
2021-01-10,7641,543351,194.0,10627.0
2021-01-11,11844,555195,185.0,10812.0
2021-01-12,10081,565276,193.0,11005.0
2021-01-13,9510,574786,201.0,11206.0
2021-01-14,9159,583945,197.0,11403.0
2021-01-15,8397,592342,183.0,11586.0
2021-01-16,6311,598653,200.0,11786.0
2021-01-17,5523,604176,208.0,11994.0
2021-01-18,8516,612692,203.0,12197.0
2021-01-19,7213,619905,209.0,12406.0
2021-01-20,6377,626282,186.0,12592.0
2021-01-21,5944,632226,183.0,12775.0
2021-01-22,5740,637966,160.0,12935.0
2021-01-23,4259,642225,159.0,13094.0
2021-01-24,3199,645424,152.0,13246.0
2021-01-25,5104,650528,155.0,13401.0
2021-01-26,4293,654821,126.0,13527.0
2021-01-27,4314,659135,129.0,13656.0
2021-01-28,3972,663107,125.0,13781.0
2021-01-29,3498,666605,123.0,13904.0
2021-01-30,2715,669320,86.0,13990.0
2021-01-31,2288,671608,101.0,14091.0
2021-02-01,3376,674984,93.0,14184.0
2021-02-02,3020,678004,98.0,14282.0
2021-02-03,2779,680783,109.0,14391.0
2021-02-04,2538,683321,67.0,14458.0
2021-02-05,2186,685507,92.0,14550.0
2021-02-06,1591,687098,76.0,14626.0
2021-02-07,1383,688481,65.0,14691.0
2021-02-08,1860,690341,66.0,14757.0
2021-02-09,1704,692045,57.0,14814.0
2021-02-10,1575,693620,65.0,14879.0
2021-02-11,1485,695105,44.0,14923.0
2021-02-12,1315,696420,41.0,14964.0
2021-02-13,897,697317,41.0,15005.0
2021-02-14,915,698232,37.0,15042.0
2021-02-15,1427,699659,44.0,15086.0
2021-02-16,1231,700890,42.0,15128.0
2021-02-17,1129,702019,41.0,15169.0
2021-02-18,1144,703163,37.0,15206.0
2021-02-19,1060,704223,33.0,15239.0
2021-02-20,823,705046,30.0,15269.0
2021-02-21,763,705809,38.0,15307.0
2021-02-22,1045,706854,21.0,15328.0
2021-02-23,957,707811,20.0,15348.0
2021-02-24,763,708574,21.0,15369.0
2021-02-25,665,709239,19.0,15388.0
2021-02-26,642,709881,15.0,15403.0
2021-02-27,528,710409,12.0,15415.0
2021-02-28,499,710908,10.0,15425.0
2021-03-01,576,711484,20.0,15445.0
2021-03-02,678,712162,14.0,15459.0
2021-03-03,596,712758,7.0,15466.0
2021-03-04,534,713292,12.0,15478.0
2021-03-05,515,713807,15.0,15493.0
2021-03-06,416,714223,13.0,15506.0
2021-03-07,425,714648,9.0,15515.0
2021-03-08,581,715229,7.0,15522.0
2021-03-09,616,715845,10.0,15532.0
2021-03-10,545,716390,10.0,15542.0
2021-03-11,472,716862,7.0,15549.0
2021-03-12,528,717390,1.0,15550.0
2021-03-13,383,717773,8.0,15558.0
2021-03-14,372,718145,6.0,15564.0
2021-03-15,617,718762,7.0,15571.0
2021-03-16,522,719284,5.0,15576.0
2021-03-17,477,719761,7.0,15583.0
2021-03-18,485,720246,3.0,15586.0
2021-03-19,452,720698,3.0,15589.0
2021-03-20,387,721085,2.0,15591.0
2021-03-21,479,721564,3.0,15594.0
2021-03-22,553,722117,7.0,15601.0
2021-03-23,489,722606,2.0,15603.0
2021-03-24,636,723242,6.0,15609.0
2021-03-25,471,723713,1.0,15610.0
2021-03-26,457,724170,2.0,15612.0
2021-03-27,322,724492,7.0,15619.0
2021-03-28,530,725022,2.0,15621.0
2021-03-29,428,725450,2.0,15623.0
2021-03-30,384,725834,2.0,15625.0
2021-03-31,322,726156,2.0,15627.0
2021-04-01,370,726526,3.0,15630.0
2021-04-02,271,726797,1.0,15631.0
2021-04-03,252,727049,4.0,15635.0
2021-04-04,221,727270,1.0,15636.0
2021-04-05,262,727532,1.0,15637.0
2021-04-06,359,727891,1.0,15638.0
2021-04-07,372,728263,2.0,15640.0
2021-04-08,330,728593,2.0,15642.0
2021-04-09,376,728969,1.0,15643.0
2021-04-10,293,729262,3.0,15646.0
2021-04-11,312,729574,3.0,15649.0
2021-04-12,353,729927,0.0,15649.0
2021-04-13,303,730230,2.0,15651.0
2021-04-14,295,730525,0.0,15651.0
2021-04-15,321,730846,2.0,15653.0
2021-04-16,332,731178,2.0,15655.0
2021-04-17,231,731409,1.0,15656.0
2021-04-18,395,731804,2.0,15658.0
2021-04-19,395,732199,3.0,15661.0
2021-04-20,377,732576,2.0,15663.0
2021-04-21,389,732965,1.0,15664.0
2021-04-22,327,733292,0.0,15664.0
2021-04-23,250,733542,1.0,15665.0
2021-04-24,247,733789,1.0,15666.0
2021-04-25,281,734070,2.0,15668.0
2021-04-26,325,734395,1.0,15669.0
2021-04-27,286,734681,3.0,15672.0
2021-04-28,307,734988,5.0,15677.0
2021-04-29,216,735204,0.0,15677.0
2021-04-30,240,735444,2.0,15679.0
2021-05-01,187,735631,1.0,15680.0
2021-05-02,183,735814,1.0,15681.0
2021-05-03,250,736064,1.0,15682.0
2021-05-04,316,736380,1.0,15683.0
2021-05-05,283,736663,3.0,15686.0
2021-05-06,300,736963,0.0,15686.0
2021-05-07,237,737200,3.0,15689.0
2021-05-08,191,737391,0.0,15689.0
2021-05-09,287,737678,0.0,15689.0
2021-05-10,362,738040,2.0,15691.0
2021-05-11,298,738338,1.0,15692.0
2021-05-12,233,738571,0.0,15692.0
2021-05-13,263,738834,0.0,15692.0
2021-05-14,251,739085,0.0,15692.0
2021-05-15,194,739279,2.0,15694.0
2021-05-16,224,739503,2.0,15696.0
2021-05-17,340,739843,0.0,15696.0
2021-05-18,329,740172,0.0,15696.0
2021-05-19,360,740532,0.0,15696.0
2021-05-20,329,740861,2.0,15698.0
2021-05-21,273,741134,0.0,15698.0
2021-05-22,249,741383,0.0,15698.0
2021-05-23,281,741664,2.0,15700.0
2021-05-24,380,742044,1.0,15701.0
2021-05-25,424,742468,1.0,15702.0
2021-05-26,485,742953,3.0,15705.0
2021-05-27,520,743473,1.0,15706.0
2021-05-28,430,743903,0.0,15706.0
2021-05-29,386,744289,1.0,15707.0
2021-05-30,401,744690,2.0,15709.0
2021-05-31,515,745205,0.0,15709.0
2021-06-01,713,745918,0.0,15709.0
2021-06-02,814,746732,1.0,15710.0
2021-06-03,797,747529,1.0,15711.0
2021-06-04,703,748232,2.0,15713.0
2021-06-05,598,748830,1.0,15714.0
2021-06-06,667,749497,2.0,15716.0
2021-06-07,1017,750514,0.0,15716.0
2021-06-08,1095,751609,2.0,15718.0
2021-06-09,1077,752686,2.0,15720.0
2021-06-10,996,753682,0.0,15720.0
2021-06-11,938,754620,0.0,15720.0
2021-06-12,772,755392,5.0,15725.0
2021-06-13,767,756159,1.0,15726.0
2021-06-14,1208,757367,0.0,15726.0
2021-06-15,1300,758667,1.0,15727.0
2021-06-16,1163,759830,2.0,15729.0
2021-06-17,1300,761130,2.0,15731.0
2021-06-18,1038,762168,4.0,15735.0
2021-06-19,924,763092,2.0,15737.0
2021-06-20,971,764063,1.0,15738.0
2021-06-21,1654,765717,2.0,15740.0
2021-06-22,1787,767504,0.0,15740.0
2021-06-23,1971,769475,0.0,15740.0
2021-06-24,1959,771434,3.0,15743.0
2021-06-25,2057,773491,4.0,15747.0
2021-06-26,1723,775214,0.0,15747.0
2021-06-27,1890,777104,4.0,15751.0
2021-06-28,2873,779977,0.0,15751.0
2021-06-29,2996,782973,3.0,15754.0
2021-06-30,3083,786056,4.0,15758.0
2021-07-01,3098,789154,3.0,15761.0
2021-07-02,2944,792098,2.0,15763.0
2021-07-03,2683,794781,3.0,15766.0
2021-07-04,2639,797420,1.0,15767.0
2021-07-05,3863,801283,2.0,15769.0
2021-07-06,4025,805308,2.0,15771.0
2021-07-07,4503,809811,2.0,15773.0
2021-07-08,3690,813501,3.0,15776.0
2021-07-09,3654,817155,2.0,15778.0
2021-07-10,3251,820406,3.0,15781.0
2021-07-11,3283,823689,0.0,15781.0
2021-07-12,4969,828658,2.0,15783.0
2021-07-13,5310,833968,4.0,15787.0
2021-07-14,6574,840542,3.0,15790.0
2021-07-15,7818,848360,2.0,15792.0
2021-07-16,7137,855497,2.0,15794.0
2021-07-17,5081,860578,3.0,15797.0
2021-07-18,4523,865101,7.0,15804.0
2021-07-19,6138,871239,6.0,15810.0
2021-07-20,5160,876399,8.0,15818.0
2021-07-21,4785,881184,8.0,15826.0
2021-07-22,4314,885498,7.0,15833.0
2021-07-23,3934,889432,10.0,15843.0
2021-07-24,3118,892550,5.0,15848.0
2021-07-25,2882,895432,5.0,15853.0
2021-07-26,4043,899475,8.0,15861.0
2021-07-27,3907,903382,3.0,15864.0
2021-07-28,3964,907346,12.0,15876.0
2021-07-29,3902,911248,11.0,15887.0
2021-07-30,3357,914605,14.0,15901.0
2021-07-31,2671,917276,8.0,15909.0
2021-08-01,2703,919979,9.0,15918.0
2021-08-02,3988,923967,9.0,15927.0
2021-08-03,4033,928000,6.0,15933.0
2021-08-04,4294,932294,13.0,15946.0
2021-08-05,4290,936584,16.0,15962.0
2021-08-06,3726,940310,8.0,15970.0
2021-08-07,3014,943324,8.0,15978.0
2021-08-08,2917,946241,7.0,15985.0
2021-08-09,3877,950118,9.0,15994.0
2021-08-10,3929,954047,5.0,15999.0
2021-08-11,4371,958418,12.0,16011.0
2021-08-12,4018,962436,17.0,16028.0
2021-08-13,3763,966199,7.0,16035.0
2021-08-14,2948,969147,12.0,16047.0
2021-08-15,2760,971907,13.0,16060.0
2021-08-16,3927,975834,10.0,16070.0
2021-08-17,3826,979660,12.0,16082.0
2021-08-18,3804,983464,10.0,16092.0
2021-08-19,3632,987096,13.0,16105.0
2021-08-20,3168,990264,16.0,16121.0
2021-08-21,2728,992992,13.0,16134.0
2021-08-22,2723,995715,13.0,16147.0
2021-08-23,3657,999372,15.0,16162.0
2021-08-24,3515,1002887,9.0,16171.0
2021-08-25,3529,1006416,10.0,16181.0
2021-08-26,3246,1009662,13.0,16194.0
2021-08-27,3144,1012806,11.0,16205.0
2021-08-28,2648,1015454,14.0,16219.0
2021-08-29,2286,1017740,7.0,16226.0
2021-08-30,2873,1020613,8.0,16234.0
2021-08-31,3811,1024424,12.0,16246.0
2021-09-01,3677,1028101,11.0,16257.0
2021-09-02,3812,1031913,13.0,16270.0
2021-09-03,3531,1035444,21.0,16291.0
2021-09-04,2758,1038202,8.0,16299.0
2021-09-05,2705,1040907,11.0,16310.0
2021-09-06,3892,1044799,15.0,16325.0
2021-09-07,3463,1048262,11.0,16336.0
2021-09-08,3215,1051477,13.0,16349.0
2021-09-09,2808,1054285,17.0,16366.0
2021-09-10,2572,1056857,10.0,16376.0
2021-09-11,2227,1059084,8.0,16384.0
2021-09-12,2064,1061148,8.0,16392.0
2021-09-13,2860,1064008,4.0,16396.0
2021-09-14,2643,1066651,12.0,16408.0
2021-09-15,2490,1069141,11.0,16419.0
2021-09-16,2443,1071584,10.0,16429.0
2021-09-17,2417,1074001,8.0,16437.0
2021-09-18,2165,1076166,11.0,16448.0
2021-09-19,2379,1078545,9.0,16457.0
2021-09-20,3178,1081723,8.0,16465.0
2021-09-21,2969,1084692,8.0,16473.0
2021-09-22,2871,1087563,11.0,16484.0
2021-09-23,2795,1090358,14.0,16498.0
2021-09-24,2438,1092796,13.0,16511.0
2021-09-25,2337,1095133,10.0,16521.0
2021-09-26,2558,1097691,6.0,16527.0
2021-09-27,3521,1101212,17.0,16544.0
2021-09-28,2843,1104055,13.0,16557.0
2021-09-29,2830,1106885,13.0,16570.0
2021-09-30,2651,1109536,13.0,16583.0
2021-10-01,2231,1111767,16.0,16599.0
2021-10-02,2202,1113969,12.0,16611.0
2021-10-03,2573,1116542,6.0,16617.0
2021-10-04,3364,1119906,9.0,16626.0
2021-10-05,3126,1123032,11.0,16637.0
2021-10-06,2863,1125895,10.0,16647.0
2021-10-07,2973,1128868,7.0,16654.0
2021-10-08,2703,1131571,11.0,16665.0
2021-10-09,2489,1134060,11.0,16676.0
2021-10-10,2785,1136845,8.0,16684.0
2021-10-11,3889,1140734,8.0,16692.0
2021-10-12,3429,1144163,4.0,16696.0
2021-10-13,3572,1147735,6.0,16702.0
2021-10-14,3471,1151206,12.0,16714.0
2021-10-15,3323,1154529,5.0,16719.0
2021-10-16,2806,1157335,7.0,16726.0
2021-10-17,3362,1160697,13.0,16739.0
2021-10-18,4569,1165266,10.0,16749.0
2021-10-19,4458,1169724,9.0,16758.0
2021-10-20,4363,1174087,6.0,16764.0
2021-10-21,3971,1178058,9.0,16773.0
2021-10-22,3526,1181584,12.0,16785.0
2021-10-23,2897,1184481,7.0,16792.0
2021-10-24,2838,1187319,10.0,16802.0
2021-10-25,4027,1191346,12.0,16814.0
2021-10-26,3514,1194860,11.0,16825.0
2021-10-27,3755,1198615,19.0,16844.0
2021-10-28,3618,1202233,11.0,16855.0
2021-10-29,3451,1205684,11.0,16866.0
2021-10-30,2911,1208595,10.0,16876.0
2021-10-31,3001,1211596,12.0,16888.0
2021-11-01,3918,1215514,11.0,16899.0
2021-11-02,3457,1218971,15.0,16914.0
2021-11-03,3289,1222260,10.0,16924.0
2021-11-04,3076,1225336,12.0,16936.0
2021-11-05,2783,1228119,14.0,16950.0
2021-11-06,2538,1230657,15.0,16965.0
2021-11-07,2813,1233470,9.0,16974.0
2021-11-08,3993,1237463,16.0,16990.0
2021-11-09,4009,1241472,11.0,17001.0
2021-11-10,4132,1245604,15.0,17016.0
2021-11-11,3926,1249530,14.0,17030.0
2021-11-12,3685,1253215,8.0,17038.0
2021-11-13,3236,1256451,13.0,17051.0
2021-11-14,3262,1259713,10.0,17061.0
2021-11-15,5149,1264862,11.0,17072.0
2021-11-16,4455,1269317,8.0,17080.0
2021-11-17,4501,1273818,5.0,17085.0
2021-11-18,4500,1278318,6.0,17091.0
2021-11-19,3945,1282263,8.0,17099.0
2021-11-20,3703,1285966,9.0,17108.0
2021-11-21,3831,1289797,8.0,17116.0
2021-11-22,5408,1295205,8.0,17124.0
2021-11-23,5290,1300495,11.0,17135.0
2021-11-24,5401,1305896,17.0,17152.0
2021-11-25,5186,1311082,11.0,17163.0
2021-11-26,4610,1315692,9.0,17172.0
2021-11-27,4334,1320026,7.0,17179.0
2021-11-28,4383,1324409,12.0,17191.0
2021-11-29,6857,1331266,8.0,17199.0
2021-11-30,6833,1338099,15.0,17214.0
2021-12-01,7050,1345149,11.0,17225.0
2021-12-02,6520,1351669,8.0,17233.0
2021-12-03,6093,1357762,13.0,17246.0
2021-12-04,5333,1363095,12.0,17258.0
2021-12-05,5522,1368617,13.0,17271.0
2021-12-06,8556,1377173,15.0,17286.0
2021-12-07,9085,1386258,13.0,17299.0
2021-12-08,10031,1396289,13.0,17312.0
2021-12-09,10331,1406620,11.0,17323.0
2021-12-10,10214,1416834,16.0,17339.0
2021-12-11,9887,1426721,11.0,17350.0
2021-12-12,12259,1438980,20.0,17370.0
2021-12-13,22845,1461825,14.0,17384.0
2021-12-14,29569,1491394,18.0,17402.0
2021-12-15,31010,1522404,11.0,17413.0
2021-12-16,30050,1552454,11.0,17424.0
2021-12-17,27165,1579619,16.0,17440.0
2021-12-18,24959,1604578,16.0,17456.0
2021-12-19,22608,1627186,17.0,17473.0
2021-12-20,32670,1659856,11.0,17484.0
2021-12-21,33942,1693798,15.0,17499.0
2021-12-22,32164,1725962,25.0,17524.0
2021-12-23,31069,1757031,27.0,17551.0
2021-12-24,24102,1781133,22.0,17573.0
2021-12-25,11173,1792306,16.0,17589.0
2021-12-26,18749,1811055,21.0,17610.0
2021-12-27,28064,1839119,27.0,17637.0
2021-12-28,28193,1867312,25.0,17662.0
2021-12-29,36923,1904235,26.0,17688.0
2021-12-30,29443,1933678,38.0,17726.0
2021-12-31,22198,1955876,17.0,17743.0
2022-01-01,13628,1969504,41.0,17784.0
2022-01-02,21909,1991413,41.0,17825.0
2022-01-03,26952,2018365,30.0,17855.0
2022-01-04,32096,2050461,29.0,17884.0
2022-01-05,25234,2075695,29.0,17913.0
2022-01-06,22193,2097888,45.0,17958.0
2022-01-07,15180,2113068,35.0,17993.0
2022-01-08,12174,2125242,41.0,18034.0
2022-01-09,12132,2137374,38.0,18072.0
2022-01-10,16627,2154001,48.0,18120.0
2022-01-11,14422,2168423,45.0,18165.0
2022-01-12,12938,2181361,31.0,18196.0
2022-01-13,11819,2193180,43.0,18239.0
2022-01-14,10513,2203693,39.0,18278.0
2022-01-15,9534,2213227,48.0,18326.0
2022-01-16,11246,2224473,31.0,18357.0
2022-01-17,15124,2239597,36.0,18393.0
2022-01-18,13877,2253474,41.0,18434.0
2022-01-19,13019,2266493,34.0,18468.0
2022-01-20,12021,2278514,30.0,18498.0
2022-01-21,10714,2289228,42.0,18540.0
2022-01-22,9642,2298870,35.0,18575.0
2022-01-23,11343,2310213,21.0,18596.0
2022-01-24,14411,2324624,31.0,18627.0
2022-01-25,13247,2337871,21.0,18648.0
2022-01-26,13079,2350950,29.0,18677.0
2022-01-27,11575,2362525,27.0,18704.0
2022-01-28,9908,2372433,20.0,18724.0
2022-01-29,8728,2381161,26.0,18750.0
2022-01-30,9836,2390997,23.0,18773.0
2022-01-31,11951,2402948,16.0,18789.0
2022-02-01,11074,2414022,19.0,18808.0
2022-02-02,10707,2424729,23.0,18831.0
2022-02-03,9219,2433948,22.0,18853.0
2022-02-04,7542,2441490,22.0,18875.0
2022-02-05,6451,2447941,17.0,18892.0
2022-02-06,7069,2455010,12.0,18904.0
2022-02-07,9027,2464037,19.0,18923.0
2022-02-08,8388,2472425,15.0,18938.0
2022-02-09,7795,2480220,11.0,18949.0
2022-02-10,6452,2486672,13.0,18962.0
2022-02-11,5295,2491967,13.0,18975.0
2022-02-12,4345,2496312,11.0,18986.0
2022-02-13,4388,2500700,13.0,18999.0
2022-02-14,6057,2506757,22.0,19021.0
2022-02-15,5782,2512539,13.0,19034.0
2022-02-16,6052,2518591,12.0,19046.0
2022-02-17,5291,2523882,14.0,19060.0
2022-02-18,3410,2527292,7.0,19067.0
2022-02-19,4423,2531715,8.0,19075.0
2022-02-20,4620,2536335,13.0,19088.0
2022-02-21,5421,2541756,13.0,19101.0
2022-02-22,4652,2546408,9.0,19110.0
2022-02-23,4160,2550568,6.0,19116.0
2022-02-24,3464,2554032,12.0,19128.0
2022-02-25,3066,2557098,16.0,19144.0
2022-02-26,2663,2559761,6.0,19150.0
2022-02-27,3201,2562962,12.0,19162.0
2022-02-28,4871,2567833,8.0,19170.0
2022-03-01,4820,2572653,9.0,19179.0
2022-03-02,5185,2577838,12.0,19191.0
2022-03-03,4926,2582764,10.0,19201.0
2022-03-04,4607,2587371,12.0,19213.0
2022-03-05,4222,2591593,8.0,19221.0
2022-03-06,5014,2596607,13.0,19234.0
2022-03-07,6998,2603605,9.0,19243.0
2022-03-08,7217,2610822,9.0,19252.0
2022-03-09,7689,2618511,7.0,19259.0
2022-03-10,7326,2625837,11.0,19270.0
2022-03-11,6816,2632653,9.0,19279.0
2022-03-12,6278,2638931,12.0,19291.0
2022-03-13,7207,2646138,9.0,19300.0
2022-03-14,9889,2656027,11.0,19311.0
2022-03-15,9359,2665386,8.0,19319.0
2022-03-16,9275,2674661,14.0,19333.0
2022-03-17,8602,2683263,17.0,19350.0
2022-03-18,7735,2690998,8.0,19358.0
2022-03-19,6600,2697598,11.0,19369.0
2022-03-20,7629,2705227,11.0,19380.0
2022-03-21,10845,2716072,10.0,19390.0
2022-03-22,10024,2726096,20.0,19410.0
2022-03-23,9675,2735771,11.0,19421.0
2022-03-24,8531,2744302,15.0,19436.0
2022-03-25,7565,2751867,17.0,19453.0
2022-03-26,6329,2758196,12.0,19465.0
2022-03-27,6887,2765083,8.0,19473.0
2022-03-28,9472,2774555,10.0,19483.0
2022-03-29,8380,2782935,17.0,19500.0
2022-03-30,7911,2790846,17.0,19517.0
2022-03-31,5756,2796602,19.0,19536.0
2022-04-01,5093,2801695,16.0,19552.0
2022-04-02,3773,2805468,18.0,19570.0
2022-04-03,3907,2809375,18.0,19588.0
2022-04-04,5261,2814636,10.0,19598.0
2022-04-05,4637,2819273,20.0,19618.0
2022-04-06,4201,2823474,25.0,19643.0
2022-04-07,3531,2827005,17.0,19660.0
2022-04-08,3221,2830226,15.0,19675.0
2022-04-09,2691,2832917,14.0,19689.0
2022-04-10,2858,2835775,15.0,19704.0
2022-04-11,3289,2839064,21.0,19725.0
2022-04-12,3067,2842131,16.0,19741.0
2022-04-13,2758,2844889,21.0,19762.0
2022-04-14,2410,2847299,21.0,19783.0
2022-04-15,1871,2849170,17.0,19800.0
2022-04-16,1760,2850930,17.0,19817.0
2022-04-17,1733,2852663,15.0,19832.0
2022-04-18,2445,2855108,26.0,19858.0
2022-04-19,2456,2857564,15.0,19873.0
2022-04-20,1991,2859555,15.0,19888.0
2022-04-21,1737,2861292,11.0,19899.0
2022-04-22,1525,2862817,4.0,19903.0
2022-04-23,1220,2864037,14.0,19917.0
2022-04-24,1384,2865421,11.0,19928.0
2022-04-25,1635,2867056,11.0,19939.0
2022-04-26,1333,2868389,8.0,19947.0
2022-04-27,1347,2869736,9.0,19956.0
2022-04-28,1163,2870899,12.0,19968.0
2022-04-29,1051,2871950,6.0,19974.0
2022-04-30,895,2872845,11.0,19985.0
2022-05-01,939,2873784,15.0,20000.0
2022-05-02,1368,2875152,7.0,20007.0
2022-05-03,1444,2876596,15.0,20022.0
2022-05-04,1362,2877958,5.0,20027.0
2022-05-05,1230,2879188,10.0,20037.0
2022-05-06,1029,2880217,5.0,20042.0
2022-05-07,831,2881048,6.0,20048.0
2022-05-08,1082,2882130,6.0,20054.0
2022-05-09,1262,2883392,3.0,20057.0
2022-05-10,1214,2884606,13.0,20070.0
2022-05-11,1006,2885612,5.0,20075.0
2022-05-12,938,2886550,6.0,20081.0
2022-05-13,803,2887353,9.0,20090.0
2022-05-14,753,2888106,6.0,20096.0
2022-05-15,961,2889067,2.0,20098.0
2022-05-16,1177,2890244,4.0,20102.0
2022-05-17,1059,2891303,7.0,20109.0
2022-05-18,971,2892274,5.0,20114.0
2022-05-19,881,2893155,4.0,20118.0
2022-05-20,719,2893874,6.0,20124.0
2022-05-21,645,2894519,7.0,20131.0
2022-05-22,733,2895252,5.0,20136.0
2022-05-23,997,2896249,7.0,20143.0
2022-05-24,844,2897093,2.0,20145.0
2022-05-25,807,2897900,4.0,20149.0
2022-05-26,766,2898666,5.0,20154.0
2022-05-27,746,2899412,10.0,20164.0
2022-05-28,688,2900100,4.0,20168.0
2022-05-29,758,2900858,3.0,20171.0
2022-05-30,942,2901800,7.0,20178.0
2022-05-31,970,2902770,4.0,20182.0
2022-06-01,894,2903664,2.0,20184.0
2022-06-02,782,2904446,4.0,20188.0
2022-06-03,868,2905314,2.0,20190.0
2022-06-04,969,2906283,7.0,20197.0
2022-06-05,1319,2907602,2.0,20199.0
2022-06-06,1622,2909224,6.0,20205.0
2022-06-07,1679,2910903,5.0,20210.0
2022-06-08,1676,2912579,6.0,20216.0
2022-06-09,1651,2914230,6.0,20222.0
2022-06-10,1467,2915697,6.0,20228.0
2022-06-11,1370,2917067,3.0,20231.0
2022-06-12,1785,2918852,3.0,20234.0
2022-06-13,2032,2920884,3.0,20237.0
2022-06-14,2056,2922940,7.0,20244.0
2022-06-15,1993,2924933,4.0,20248.0
2022-06-16,1817,2926750,7.0,20255.0
2022-06-17,1751,2928501,4.0,20259.0
2022-06-18,1826,2930327,5.0,20264.0
2022-06-19,2113,2932440,6.0,20270.0
2022-06-20,2500,2934940,7.0,20277.0
2022-06-21,2625,2937565,7.0,20284.0
2022-06-22,2630,2940195,7.0,20291.0
2022-06-23,2524,2942719,9.0,20300.0
2022-06-24,2186,2944905,5.0,20305.0
2022-06-25,2074,2946979,9.0,20314.0
2022-06-26,2471,2949450,6.0,20320.0
2022-06-27,3135,2952585,7.0,20327.0
2022-06-28,3121,2955706,4.0,20331.0
2022-06-29,3249,2958955,12.0,20343.0
2022-06-30,3174,2962129,7.0,20350.0
2022-07-01,3048,2965177,5.0,20355.0
2022-07-02,2827,2968004,15.0,20370.0
2022-07-03,3630,2971634,11.0,20381.0
2022-07-04,4329,2975963,13.0,20394.0
2022-07-05,4055,2980018,10.0,20404.0
2022-07-06,3977,2983995,10.0,20414.0
2022-07-07,3524,2987519,17.0,20431.0
2022-07-08,3104,2990623,15.0,20446.0
2022-07-09,2760,2993383,14.0,20460.0
2022-07-10,3210,2996593,14.0,20474.0
2022-07-11,3731,3000324,16.0,20490.0
2022-07-12,3353,3003677,18.0,20508.0
2022-07-13,3125,3006802,18.0,20526.0
2022-07-14,2697,3009499,9.0,20535.0
2022-07-15,2341,3011840,12.0,20547.0
2022-07-16,1877,3013717,20.0,20567.0
2022-07-17,2026,3015743,20.0,20587.0
2022-07-18,2325,3018068,11.0,20598.0
2022-07-19,1909,3019977,22.0,20620.0
2022-07-20,1958,3021935,22.0,20642.0
2022-07-21,1680,3023615,18.0,20660.0
2022-07-22,1529,3025144,12.0,20672.0
2022-07-23,1171,3026315,20.0,20692.0
2022-07-24,1276,3027591,13.0,20705.0
2022-07-25,1491,3029082,20.0,20725.0
2022-07-26,1363,3030445,20.0,20745.0
2022-07-27,1269,3031714,13.0,20758.0
2022-07-28,1016,3032730,16.0,20774.0
2022-07-29,966,3033696,19.0,20793.0
2022-07-30,871,3034567,16.0,20809.0
2022-07-31,987,3035554,7.0,20816.0
2022-08-01,1064,3036618,18.0,20834.0
2022-08-02,992,3037610,17.0,20851.0
2022-08-03,930,3038540,15.0,20866.0
2022-08-04,826,3039366,10.0,20876.0
2022-08-05,707,3040073,9.0,20885.0
2022-08-06,603,3040676,13.0,20898.0
2022-08-07,692,3041368,17.0,20915.0
2022-08-08,824,3042192,16.0,20931.0
2022-08-09,747,3042939,9.0,20940.0
2022-08-10,782,3043721,9.0,20949.0
2022-08-11,692,3044413,17.0,20966.0
2022-08-12,554,3044967,13.0,20979.0
2022-08-13,452,3045419,22.0,21001.0
2022-08-14,541,3045960,9.0,21010.0
2022-08-15,699,3046659,8.0,21018.0
2022-08-16,596,3047255,12.0,21030.0
2022-08-17,507,3047762,9.0,21039.0
2022-08-18,447,3048209,7.0,21046.0
2022-08-19,402,3048611,10.0,21056.0
2022-08-20,348,3048959,11.0,21067.0
2022-08-21,408,3049367,10.0,21077.0
2022-08-22,540,3049907,7.0,21084.0
2022-08-23,483,3050390,8.0,21092.0
2022-08-24,488,3050878,5.0,21097.0
2022-08-25,371,3051249,4.0,21101.0
2022-08-26,325,3051574,7.0,21108.0
2022-08-27,323,3051897,6.0,21114.0
2022-08-28,302,3052199,4.0,21118.0
2022-08-29,438,3052637,10.0,21128.0
2022-08-30,496,3053133,7.0,21135.0
2022-08-31,501,3053634,13.0,21148.0
2022-09-01,470,3054104,8.0,21156.0
2022-09-02,376,3054480,5.0,21161.0
2022-09-03,332,3054812,3.0,21164.0
2022-09-04,437,3055249,4.0,21168.0
2022-09-05,499,3055748,8.0,21176.0
2022-09-06,389,3056137,4.0,21180.0
2022-09-07,441,3056578,2.0,21182.0
2022-09-08,367,3056945,4.0,21186.0
2022-09-09,363,3057308,4.0,21190.0
2022-09-10,309,3057617,2.0,21192.0
2022-09-11,452,3058069,6.0,21198.0
2022-09-12,501,3058570,4.0,21202.0
2022-09-13,479,3059049,3.0,21205.0
2022-09-14,475,3059524,3.0,21208.0
2022-09-15,460,3059984,5.0,21213.0
2022-09-16,355,3060339,5.0,21218.0
2022-09-17,323,3060662,5.0,21223.0
2022-09-18,415,3061077,7.0,21230.0
2022-09-19,582,3061659,2.0,21232.0
2022-09-20,690,3062349,4.0,21236.0
2022-09-21,649,3062998,3.0,21239.0
2022-09-22,631,3063629,1.0,21240.0
2022-09-23,543,3064172,3.0,21243.0
2022-09-24,527,3064699,5.0,21248.0
2022-09-25,611,3065310,6.0,21254.0
2022-09-26,716,3066026,4.0,21258.0
2022-09-27,655,3066681,4.0,21262.0
2022-09-28,661,3067342,4.0,21266.0
2022-09-29,625,3067967,4.0,21270.0
2022-09-30,598,3068565,1.0,21271.0
2022-10-01,598,3069163,5.0,21276.0
2022-10-02,799,3069962,2.0,21278.0
2022-10-03,875,3070837,1.0,21279.0
2022-10-04,808,3071645,0.0,21279.0
2022-10-05,471,3072116,0.0,21279.0
