date,new_cases,new_deaths
2020-03-01,0,0
2020-03-02,0,0
2020-03-03,0,0
2020-03-04,1,0
2020-03-05,1,0
2020-03-06,3,0
2020-03-07,3,0
2020-03-08,3,0
2020-03-09,5,0
2020-03-10,11,0
2020-03-11,13,0
2020-03-12,21,0
2020-03-13,32,0
2020-03-14,31,0
2020-03-15,40,0
2020-03-16,77,1
2020-03-17,96,1
2020-03-18,162,1
2020-03-19,185,2
2020-03-20,155,0
2020-03-21,125,2
2020-03-22,168,2
2020-03-23,289,3
2020-03-24,350,2
2020-03-25,367,5
2020-03-26,413,2
2020-03-27,404,8
2020-03-28,248,4
2020-03-29,283,20
2020-03-30,439,12
2020-03-31,489,16
2020-04-01,461,24
2020-04-02,436,15
2020-04-03,464,24
2020-04-04,326,22
2020-04-05,292,26
2020-04-06,583,22
2020-04-07,556,25
2020-04-08,704,36
2020-04-09,574,25
2020-04-10,570,32
2020-04-11,397,33
2020-04-12,341,33
2020-04-13,694,32
2020-04-14,666,33
2020-04-15,630,31
2020-04-16,677,31
2020-04-17,774,43
2020-04-18,534,39
2020-04-19,459,35
2020-04-20,990,40
2020-04-21,873,36
2020-04-22,1053,45
2020-04-23,1466,36
2020-04-24,1074,54
2020-04-25,638,38
2020-04-26,434,51
2020-04-27,1157,35
2020-04-28,1321,56
2020-04-29,1151,44
2020-04-30,1274,40
2020-05-01,1173,39
2020-05-02,719,49
2020-05-03,464,45
2020-05-04,1121,48
2020-05-05,1091,58
2020-05-06,968,44
2020-05-07,939,49
2020-05-08,921,43
2020-05-09,520,53
2020-05-10,306,38
2020-05-11,1017,38
2020-05-12,940,46
2020-05-13,877,45
2020-05-14,778,45
2020-05-15,968,49
2020-05-16,514,28
2020-05-17,326,41
2020-05-18,943,33
2020-05-19,888,27
2020-05-20,771,29
2020-05-21,798,34
2020-05-22,724,36
2020-05-23,328,30
2020-05-24,278,27
2020-05-25,252,23
2020-05-26,749,23
2020-05-27,614,26
2020-05-28,521,22
2020-05-29,458,20
2020-05-30,237,21
2020-05-31,121,22
2020-06-01,233,20
2020-06-02,247,25
2020-06-03,280,21
2020-06-04,319,15
2020-06-05,337,17
2020-06-06,170,20
2020-06-07,110,20
2020-06-08,273,15
2020-06-09,254,23
2020-06-10,232,12
2020-06-11,201,10
2020-06-12,248,21
2020-06-13,120,18
2020-06-14,92,12
2020-06-15,235,20
2020-06-16,210,11
2020-06-17,219,21
2020-06-18,184,14
2020-06-19,219,15
2020-06-20,125,10
2020-06-21,48,11
2020-06-22,218,9
2020-06-23,234,9
2020-06-24,245,9
2020-06-25,249,11
2020-06-26,219,13
2020-06-27,130,5
2020-06-28,110,5
2020-06-29,279,7
2020-06-30,264,3
2020-07-01,266,13
2020-07-02,256,6
2020-07-03,174,5
2020-07-04,63,5
2020-07-05,90,3
2020-07-06,282,5
2020-07-07,341,4
2020-07-08,306,4
2020-07-09,288,8
2020-07-10,344,6
2020-07-11,154,2
2020-07-12,97,4
2020-07-13,337,4
2020-07-14,324,3
2020-07-15,268,7
2020-07-16,298,2
2020-07-17,324,3
2020-07-18,132,4
2020-07-19,100,2
2020-07-20,394,5
2020-07-21,289,1
2020-07-22,364,4
2020-07-23,318,3
2020-07-24,346,3
2020-07-25,155,8
2020-07-26,96,6
2020-07-27,362,1
2020-07-28,332,3
2020-07-29,446,3
2020-07-30,339,3
2020-07-31,392,2
2020-08-01,141,5
2020-08-02,95,3
2020-08-03,428,3
2020-08-04,369,2
2020-08-05,378,4
2020-08-06,349,4
2020-08-07,417,2
2020-08-08,177,3
2020-08-09,115,2
2020-08-10,376,1
2020-08-11,386,4
2020-08-12,432,2
2020-08-13,390,4
2020-08-14,347,3
2020-08-15,221,5
2020-08-16,120,3
2020-08-17,489,3
2020-08-18,411,1
2020-08-19,485,5
2020-08-20,422,3
2020-08-21,430,5
2020-08-22,191,2
2020-08-23,130,1
2020-08-24,554,3
2020-08-25,412,4
2020-08-26,388,3
2020-08-27,382,2
2020-08-28,383,4
2020-08-29,233,4
2020-08-30,100,5
2020-08-31,413,2
2020-09-01,330,3
2020-09-02,405,3
2020-09-03,341,3
2020-09-04,395,2
2020-09-05,203,3
2020-09-06,143,2
2020-09-07,72,1
2020-09-08,369,1
2020-09-09,400,5
2020-09-10,329,2
2020-09-11,342,5
2020-09-12,136,0
2020-09-13,123,3
2020-09-14,430,3
2020-09-15,352,1
2020-09-16,365,4
2020-09-17,391,0
2020-09-18,356,4
2020-09-19,170,2
2020-09-20,108,6
2020-09-21,420,2
2020-09-22,350,2
2020-09-23,391,6
2020-09-24,406,5
2020-09-25,379,3
2020-09-26,233,4
2020-09-27,167,1
2020-09-28,419,2
2020-09-29,381,6
2020-09-30,462,2
2020-10-01,364,4
2020-10-02,415,4
2020-10-03,227,3
2020-10-04,152,5
2020-10-05,553,3
2020-10-06,558,2
2020-10-07,548,1
2020-10-08,612,3
2020-10-09,668,4
2020-10-10,442,5
2020-10-11,300,4
2020-10-12,681,4
2020-10-13,876,5
2020-10-14,850,3
2020-10-15,907,2
2020-10-16,953,3
2020-10-17,547,5
2020-10-18,347,1
2020-10-19,1165,3
2020-10-20,1196,5
2020-10-21,1180,6
2020-10-22,1307,4
2020-10-23,1016,4
2020-10-24,883,5
2020-10-25,525,10
2020-10-26,1539,8
2020-10-27,1627,4
2020-10-28,1736,9
2020-10-29,1887,4
2020-10-30,1871,4
2020-10-31,1066,10
2020-11-01,733,6
2020-11-02,2323,15
2020-11-03,2140,13
2020-11-04,2512,8
2020-11-05,2637,6
2020-11-06,2789,10
2020-11-07,1568,14
2020-11-08,1105,11
2020-11-09,3227,14
2020-11-10,3352,14
2020-11-11,2489,9
2020-11-12,2927,18
2020-11-13,2691,19
2020-11-14,1400,16
2020-11-15,833,13
2020-11-16,2556,26
2020-11-17,2462,21
2020-11-18,2326,17
2020-11-19,2167,17
2020-11-20,2300,32
2020-11-21,1264,18
2020-11-22,780,15
2020-11-23,2374,19
2020-11-24,1923,17
2020-11-25,1833,18
2020-11-26,265,23
2020-11-27,1255,23
2020-11-28,1373,17
2020-11-29,898,18
2020-11-30,2389,23
2020-12-01,2187,36
2020-12-02,2049,36
2020-12-03,2070,30
2020-12-04,1856,32
2020-12-05,1203,13
2020-12-06,708,28
2020-12-07,2065,35
2020-12-08,2053,35
2020-12-09,1757,28
2020-12-10,1703,19
2020-12-11,1670,28
2020-12-12,915,21
2020-12-13,609,23
2020-12-14,1460,21
2020-12-15,1613,22
2020-12-16,1384,25
2020-12-17,1348,24
2020-12-18,1300,19
2020-12-19,853,24
2020-12-20,581,30
2020-12-21,1463,26
2020-12-22,1338,17
2020-12-23,1223,21
2020-12-24,619,21
2020-12-25,160,21
2020-12-26,955,19
2020-12-27,612,24
2020-12-28,1665,18
2020-12-29,1713,21
2020-12-30,1444,24
2020-12-31,970,22
2021-01-01,266,20
2021-01-02,1114,21
2021-01-03,659,20
2021-01-04,1878,10
2021-01-05,1603,16
2021-01-06,1454,13
2021-01-07,1381,17
2021-01-08,1204,18
2021-01-09,781,17
2021-01-10,495,18
2021-01-11,1355,16
2021-01-12,1089,12
2021-01-13,1109,18
2021-01-14,1053,15
2021-01-15,1022,12
2021-01-16,624,15
2021-01-17,392,15
2021-01-18,715,14
2021-01-19,1083,19
2021-01-20,788,12
2021-01-21,818,10
2021-01-22,736,12
2021-01-23,588,9
2021-01-24,338,16
2021-01-25,856,11
2021-01-26,644,12
2021-01-27,657,14
2021-01-28,607,10
2021-01-29,592,16
2021-01-30,419,12
2021-01-31,171,17
2021-02-01,608,9
2021-02-02,647,6
2021-02-03,571,7
2021-02-04,538,9
2021-02-05,403,8
2021-02-06,263,13
2021-02-07,212,8
2021-02-08,385,13
2021-02-09,412,8
2021-02-10,366,11
2021-02-11,437,10
2021-02-12,357,13
2021-02-13,222,8
2021-02-14,143,9
2021-02-15,258,7
2021-02-16,213,5
2021-02-17,384,8
2021-02-18,315,6
2021-02-19,318,8
2021-02-20,213,9
2021-02-21,158,9
2021-02-22,386,8
2021-02-23,311,12
2021-02-24,337,4
2021-02-25,282,8
2021-02-26,357,6
2021-02-27,177,7
2021-02-28,149,4
2021-03-01,312,2
2021-03-02,329,7
2021-03-03,336,5
2021-03-04,288,8
2021-03-05,291,6
2021-03-06,220,2
2021-03-07,174,4
2021-03-08,327,5
2021-03-09,332,5
2021-03-10,336,10
2021-03-11,354,1
2021-03-12,349,9
2021-03-13,257,2
2021-03-14,180,4
2021-03-15,368,6
2021-03-16,451,3
2021-03-17,483,9
2021-03-18,423,3
2021-03-19,440,2
2021-03-20,277,6
2021-03-21,221,4
2021-03-22,547,1
2021-03-23,566,5
2021-03-24,682,6
2021-03-25,675,3
2021-03-26,600,6
2021-03-27,410,4
2021-03-28,355,7
2021-03-29,731,3
2021-03-30,736,3
2021-03-31,717,4
2021-04-01,722,2
2021-04-02,675,3
2021-04-03,469,9
2021-04-04,307,5
2021-04-05,947,6
2021-04-06,858,4
2021-04-07,839,3
2021-04-08,860,6
2021-04-09,769,5
2021-04-10,557,8
2021-04-11,363,5
2021-04-12,864,5
2021-04-13,677,4
2021-04-14,772,9
2021-04-15,638,9
2021-04-16,656,6
2021-04-17,438,6
2021-04-18,316,7
2021-04-19,659,7
2021-04-20,564,5
2021-04-21,655,8
2021-04-22,579,4
2021-04-23,531,7
2021-04-24,409,10
2021-04-25,275,11
2021-04-26,647,6
2021-04-27,564,5
2021-04-28,572,5
2021-04-29,531,7
2021-04-30,550,9
2021-05-01,352,4
2021-05-02,230,14
2021-05-03,548,6
2021-05-04,465,6
2021-05-05,483,6
2021-05-06,399,9
2021-05-07,365,11
2021-05-08,271,8
2021-05-09,166,9
2021-05-10,399,6
2021-05-11,309,9
2021-05-12,341,6
2021-05-13,315,8
2021-05-14,289,6
2021-05-15,177,7
2021-05-16,154,9
2021-05-17,346,7
2021-05-18,286,5
2021-05-19,278,7
2021-05-20,248,4
2021-05-21,245,6
2021-05-22,130,5
2021-05-23,95,6
2021-05-24,217,4
2021-05-25,128,3
2021-05-26,171,6
2021-05-27,121,6
2021-05-28,139,4
2021-05-29,89,7
2021-05-30,52,7
2021-05-31,45,2
2021-06-01,128,5
2021-06-02,100,7
2021-06-03,95,7
2021-06-04,75,6
2021-06-05,62,6
2021-06-06,58,7
2021-06-07,102,9
2021-06-08,74,4
2021-06-09,64,5
2021-06-10,39,2
2021-06-11,39,2
2021-06-12,46,5
2021-06-13,28,5
2021-06-14,67,3
2021-06-15,52,3
2021-06-16,36,1
2021-06-17,35,2
2021-06-18,35,2
2021-06-19,30,2
2021-06-20,27,1
2021-06-21,46,3
2021-06-22,32,3
2021-06-23,47,0
2021-06-24,45,0
2021-06-25,35,3
2021-06-26,20,0
2021-06-27,15,1
2021-06-28,50,2
2021-06-29,56,2
2021-06-30,51,0
2021-07-01,32,2
2021-07-02,54,1
2021-07-03,48,0
2021-07-04,18,1
2021-07-05,58,2
2021-07-06,75,2
2021-07-07,73,2
2021-07-08,76,0
2021-07-09,82,1
2021-07-10,49,0
2021-07-11,69,2
2021-07-12,103,0
2021-07-13,103,2
2021-07-14,139,2
2021-07-15,133,0
2021-07-16,155,1
2021-07-17,120,0
2021-07-18,92,0
2021-07-19,203,1
2021-07-20,187,3
2021-07-21,217,0
2021-07-22,224,1
2021-07-23,243,3
2021-07-24,197,0
2021-07-25,141,3
2021-07-26,326,2
2021-07-27,302,1
2021-07-28,348,3
2021-07-29,323,1
2021-07-30,355,2
2021-07-31,268,5
2021-08-01,215,3
2021-08-02,474,3
2021-08-03,442,1
2021-08-04,496,3
2021-08-05,479,2
2021-08-06,466,5
2021-08-07,318,2
2021-08-08,274,2
2021-08-09,506,4
2021-08-10,531,4
2021-08-11,600,2
2021-08-12,592,2
2021-08-13,626,3
2021-08-14,405,6
2021-08-15,286,5
2021-08-16,587,3
2021-08-17,558,3
2021-08-18,555,3
2021-08-19,546,5
2021-08-20,564,3
2021-08-21,372,1
2021-08-22,284,7
2021-08-23,644,2
2021-08-24,568,3
2021-08-25,605,6
2021-08-26,592,3
2021-08-27,540,3
2021-08-28,359,3
2021-08-29,309,2
2021-08-30,596,5
2021-08-31,529,7
2021-09-01,538,5
2021-09-02,497,6
2021-09-03,511,6
2021-09-04,342,5
2021-09-05,320,4
2021-09-06,279,4
2021-09-07,577,3
2021-09-08,658,7
2021-09-09,514,4
2021-09-10,515,5
2021-09-11,321,6
2021-09-12,266,5
2021-09-13,554,7
2021-09-14,495,5
2021-09-15,518,4
2021-09-16,477,7
2021-09-17,439,5
2021-09-18,309,4
2021-09-19,244,2
2021-09-20,487,6
2021-09-21,468,6
2021-09-22,406,7
2021-09-23,368,5
2021-09-24,353,6
2021-09-25,228,3
2021-09-26,207,9
2021-09-27,475,6
2021-09-28,384,4
2021-09-29,413,3
2021-09-30,462,7
2021-10-01,383,4
2021-10-02,237,4
2021-10-03,204,4
2021-10-04,428,3
2021-10-05,383,3
2021-10-06,374,5
2021-10-07,383,4
2021-10-08,310,8
2021-10-09,239,4
2021-10-10,173,6
2021-10-11,320,4
2021-10-12,376,6
2021-10-13,361,4
2021-10-14,361,1
2021-10-15,315,1
2021-10-16,178,4
2021-10-17,200,10
2021-10-18,353,1
2021-10-19,321,2
2021-10-20,322,5
2021-10-21,337,5
2021-10-22,306,5
2021-10-23,221,2
2021-10-24,204,4
2021-10-25,363,3
2021-10-26,343,3
2021-10-27,385,3
2021-10-28,400,6
2021-10-29,370,2
2021-10-30,280,2
2021-10-31,239,1
2021-11-01,436,3
2021-11-02,490,4
2021-11-03,519,8
2021-11-04,495,1
2021-11-05,471,3
2021-11-06,315,4
2021-11-07,305,5
2021-11-08,605,5
2021-11-09,649,5
2021-11-10,592,2
2021-11-11,525,4
2021-11-12,617,6
2021-11-13,386,7
2021-11-14,382,4
2021-11-15,692,5
2021-11-16,742,6
2021-11-17,733,2
2021-11-18,630,9
2021-11-19,683,1
2021-11-20,464,3
2021-11-21,374,3
2021-11-22,781,3
2021-11-23,722,4
2021-11-24,668,6
2021-11-25,188,3
2021-11-26,517,13
2021-11-27,554,4
2021-11-28,493,3
2021-11-29,1463,7
2021-11-30,1171,2
2021-12-01,1215,6
2021-12-02,1058,8
2021-12-03,920,8
2021-12-04,611,4
2021-12-05,511,8
2021-12-06,1208,6
2021-12-07,1156,11
2021-12-08,1285,10
2021-12-09,1299,8
2021-12-10,1207,15
2021-12-11,872,10
2021-12-12,826,13
2021-12-13,2173,12
2021-12-14,2807,14
2021-12-15,3590,10
2021-12-16,3986,11
2021-12-17,3649,9
2021-12-18,2739,8
2021-12-19,2584,12
2021-12-20,5809,13
2021-12-21,6919,9
2021-12-22,7509,18
2021-12-23,7146,18
2021-12-24,3923,17
2021-12-25,1457,19
2021-12-26,4455,11
2021-12-27,9237,17
2021-12-28,10423,15
2021-12-29,9356,13
2021-12-30,8183,15
2021-12-31,5189,23
2022-01-01,1872,21
2022-01-02,4152,20
2022-01-03,9477,24
2022-01-04,9559,32
2022-01-05,6819,22
2022-01-06,5755,38
2022-01-07,4832,36
2022-01-08,3316,29
2022-01-09,2057,24
2022-01-10,4817,31
2022-01-11,4428,28
2022-01-12,4041,34
2022-01-13,3620,30
2022-01-14,3073,21
2022-01-15,1614,30
2022-01-16,1145,30
2022-01-17,2011,32
2022-01-18,2738,30
2022-01-19,2336,18
2022-01-20,1989,38
2022-01-21,1598,26
2022-01-22,999,20
2022-01-23,666,27
2022-01-24,1507,20
2022-01-25,1355,18
2022-01-26,1226,23
2022-01-27,1028,16
2022-01-28,747,23
2022-01-29,582,17
2022-01-30,425,14
2022-01-31,943,18
2022-02-01,785,13
2022-02-02,365,17
2022-02-03,526,19
2022-02-04,580,11
2022-02-05,376,15
2022-02-06,291,23
2022-02-07,577,12
2022-02-08,569,9
2022-02-09,488,10
2022-02-10,425,6
2022-02-11,328,9
2022-02-12,227,6
2022-02-13,168,4
2022-02-14,381,15
2022-02-15,358,4
2022-02-16,367,3
2022-02-17,305,4
2022-02-18,281,4
2022-02-19,124,4
2022-02-20,112,4
2022-02-21,240,10
2022-02-22,280,2
2022-02-23,236,6
2022-02-24,235,4
2022-02-25,186,5
2022-02-26,106,1
2022-02-27,93,7
2022-02-28,198,0
2022-03-01,186,6
2022-03-02,153,3
2022-03-03,162,2
2022-03-04,118,2
2022-03-05,93,1
2022-03-06,81,4
2022-03-07,166,3
2022-03-08,163,2
2022-03-09,170,3
2022-03-10,163,2
2022-03-11,125,2
2022-03-12,86,1
2022-03-13,82,1
2022-03-14,183,3
2022-03-15,256,0
2022-03-16,234,2
2022-03-17,178,0
2022-03-18,150,2
2022-03-19,122,0
2022-03-20,120,2
2022-03-21,275,2
2022-03-22,269,0
2022-03-23,312,1
2022-03-24,243,1
2022-03-25,240,1
2022-03-26,197,1
2022-03-27,173,1
2022-03-28,352,0
2022-03-29,362,0
2022-03-30,400,1
2022-03-31,305,0
2022-04-01,321,0
2022-04-02,204,0
2022-04-03,215,1
2022-04-04,518,0
2022-04-05,531,1
2022-04-06,599,0
2022-04-07,509,3
2022-04-08,397,0
2022-04-09,281,1
2022-04-10,319,1
2022-04-11,543,1
2022-04-12,530,0
2022-04-13,644,0
2022-04-14,546,1
2022-04-15,549,1
2022-04-16,356,1
2022-04-17,252,0
2022-04-18,771,1
2022-04-19,887,1
2022-04-20,709,0
2022-04-21,681,0
2022-04-22,688,0
2022-04-23,409,0
2022-04-24,398,0
2022-04-25,937,0
2022-04-26,926,0
2022-04-27,883,0
2022-04-28,813,1
2022-04-29,757,2
2022-04-30,530,0
2022-05-01,535,0
2022-05-02,1269,1
2022-05-03,1294,1
2022-05-04,1223,1
2022-05-05,1088,0
2022-05-06,1063,1
2022-05-07,691,0
2022-05-08,608,1
2022-05-09,1611,0
2022-05-10,1711,0
2022-05-11,1655,2
2022-05-12,1470,1
2022-05-13,1264,2
2022-05-14,732,1
2022-05-15,727,1
2022-05-16,1465,0
2022-05-17,1375,0
2022-05-18,1343,2
2022-05-19,1179,1
2022-05-20,1103,2
2022-05-21,635,1
2022-05-22,622,0
2022-05-23,1356,1
2022-05-24,1319,0
2022-05-25,1337,0
2022-05-26,1223,1
2022-05-27,1053,2
2022-05-28,613,2
2022-05-29,536,0
2022-05-30,386,1
2022-05-31,1649,1
2022-06-01,1354,3
2022-06-02,1211,0
2022-06-03,1097,1
2022-06-04,592,1
2022-06-05,589,2
2022-06-06,1141,0
2022-06-07,1100,1
2022-06-08,1037,0
2022-06-09,982,1
2022-06-10,829,0
2022-06-11,530,1
2022-06-12,525,2
2022-06-13,914,0
2022-06-14,828,0
2022-06-15,739,1
2022-06-16,745,0
2022-06-17,680,0
2022-06-18,547,2
2022-06-19,480,1
2022-06-20,851,3
2022-06-21,939,0
2022-06-22,970,0
2022-06-23,856,2
2022-06-24,823,1
2022-06-25,514,1
2022-06-26,450,3
2022-06-27,922,3
2022-06-28,1018,0
2022-06-29,976,0
2022-06-30,921,2
2022-07-01,732,1
2022-07-02,542,0
2022-07-03,452,1
2022-07-04,257,1
2022-07-05,1117,0
2022-07-06,1048,2
2022-07-07,988,0
2022-07-08,899,3
2022-07-09,575,2
2022-07-10,521,1
2022-07-11,1014,1
2022-07-12,964,5
2022-07-13,974,0
2022-07-14,941,2
2022-07-15,854,3
2022-07-16,567,1
2022-07-17,527,0
2022-07-18,1124,2
2022-07-19,1002,4
2022-07-20,1005,2
2022-07-21,970,0
2022-07-22,823,1
2022-07-23,622,5
2022-07-24,518,2
2022-07-25,1038,3
2022-07-26,971,2
2022-07-27,933,3
2022-07-28,874,1
2022-07-29,812,0
2022-07-30,487,1
2022-07-31,451,1
2022-08-01,949,3
2022-08-02,962,1
2022-08-03,928,1
2022-08-04,811,1
2022-08-05,787,0
2022-08-06,535,1
2022-08-07,441,3
2022-08-08,911,1
2022-08-09,816,1
2022-08-10,799,1
2022-08-11,644,2
2022-08-12,642,0
2022-08-13,450,1
2022-08-14,388,2
2022-08-15,734,1
2022-08-16,743,2
2022-08-17,691,2
2022-08-18,588,1
2022-08-19,600,4
2022-08-20,372,1
2022-08-21,362,2
2022-08-22,762,2
2022-08-23,674,2
2022-08-24,706,3
2022-08-25,575,1
2022-08-26,547,2
2022-08-27,386,0
2022-08-28,346,2
2022-08-29,844,1
2022-08-30,777,0
2022-08-31,645,2
2022-09-01,641,1
2022-09-02,529,1
2022-09-03,331,1
2022-09-04,252,2
2022-09-05,213,1
2022-09-06,792,1
2022-09-07,689,2
2022-09-08,571,3
2022-09-09,469,1
2022-09-10,307,2
2022-09-11,211,0
2022-09-12,607,2
2022-09-13,494,2
2022-09-14,505,3
2022-09-15,390,0
2022-09-16,422,0
2022-09-17,247,0
2022-09-18,194,1
2022-09-19,442,0
2022-09-20,430,0
2022-09-21,369,2
2022-09-22,426,2
2022-09-23,339,0
2022-09-24,205,2
2022-09-25,190,5
2022-09-26,406,2
2022-09-27,367,2
2022-09-28,336,0
2022-09-29,360,0
2022-09-30,317,1
2022-10-01,204,2
2022-10-02,176,2
2022-10-03,442,2
2022-10-04,381,1
2022-10-05,364,1
2022-10-06,360,0
2022-10-07,313,2
2022-10-08,182,3
2022-10-09,166,0
2022-10-10,328,2
2022-10-11,395,0
2022-10-12,387,0
2022-10-13,365,1
2022-10-14,345,3
2022-10-15,207,2
2022-10-16,176,0
2022-10-17,466,2
2022-10-18,389,1
2022-10-19,403,1
2022-10-20,441,2
2022-10-21,365,1
2022-10-22,232,0
2022-10-23,203,2
2022-10-24,614,2
2022-10-25,514,2
2022-10-26,466,0
2022-10-27,500,3
2022-10-28,343,1
2022-10-29,230,1
2022-10-30,198,3
2022-10-31,525,0
2022-11-01,569,1
2022-11-02,531,0
2022-11-03,462,1
2022-11-04,426,1
2022-11-05,258,3
2022-11-06,241,1
2022-11-07,583,0
2022-11-08,411,1
2022-11-09,499,2
2022-11-10,551,0
2022-11-11,422,2
2022-11-12,240,0
2022-11-13,188,3
2022-11-14,543,1
2022-11-15,504,1
2022-11-16,510,0
2022-11-17,467,2
2022-11-18,437,0
2022-11-19,280,1
2022-11-20,262,0
2022-11-21,506,1
2022-11-22,488,0
2022-11-23,514,0
2022-11-24,161,1
2022-11-25,437,2
2022-11-26,349,0
2022-11-27,285,0
2022-11-28,887,1
2022-11-29,819,2
2022-11-30,685,0
2022-12-01,619,3
2022-12-02,620,3
2022-12-03,420,1
2022-12-04,375,1
2022-12-05,763,1
2022-12-06,828,0
2022-12-07,745,0
2022-12-08,753,3
2022-12-09,570,0
2022-12-10,331,1
2022-12-11,317,2
2022-12-12,916,1
2022-12-13,772,2
2022-12-14,819,0
2022-12-15,820,2
2022-12-16,646,1
2022-12-17,384,1
2022-12-18,356,4
2022-12-19,819,3
2022-12-20,904,3
2022-12-21,774,0
2022-12-22,523,1
2022-12-23,327,2
2022-12-24,242,1
2022-12-25,120,1
2022-12-26,444,2
2022-12-27,611,4
2022-12-28,508,1
2022-12-29,529,4
2022-12-30,454,1
2022-12-31,252,2
2023-01-01,147,3
2023-01-02,388,2
2023-01-03,524,0
2023-01-04,443,2
2023-01-05,435,2
2023-01-06,419,1
2023-01-07,299,2
2023-01-08,238,0
2023-01-09,494,0
2023-01-10,506,3
2023-01-11,492,3
2023-01-12,417,5
2023-01-13,345,5
2023-01-14,181,3
2023-01-15,153,1
2023-01-16,290,1
2023-01-17,468,2
2023-01-18,463,1
2023-01-19,421,1
2023-01-20,439,1
2023-01-21,203,0
2023-01-22,180,1
2023-01-23,431,2
2023-01-24,407,3
2023-01-25,372,1
2023-01-26,388,0
2023-01-27,399,0
2023-01-28,177,0
2023-01-29,160,1
2023-01-30,423,2
2023-01-31,413,1
2023-02-01,468,0
2023-02-02,429,2
2023-02-03,267,0
2023-02-04,168,2
2023-02-05,164,0
2023-02-06,466,4
2023-02-07,454,0
2023-02-08,450,0
2023-02-09,388,3
2023-02-10,366,0
2023-02-11,182,2
2023-02-12,176,0
2023-02-13,455,1
2023-02-14,393,0
2023-02-15,485,1
2023-02-16,423,0
2023-02-17,399,1
2023-02-18,197,0
2023-02-19,163,1
2023-02-20,336,1
2023-02-21,445,5
2023-02-22,468,0
2023-02-23,423,0
2023-02-24,411,0
2023-02-25,161,0
2023-02-26,177,2
2023-02-27,478,2
2023-02-28,395,4
2023-03-01,396,0
2023-03-02,438,3
2023-03-03,292,2
2023-03-04,192,0
2023-03-05,139,0
2023-03-06,422,1
2023-03-07,388,0
2023-03-08,353,0
2023-03-09,312,0
2023-03-10,258,0
2023-03-11,157,1
2023-03-12,87,1
2023-03-13,372,0
2023-03-14,335,0
2023-03-15,294,1
2023-03-16,307,1
2023-03-17,196,1
2023-03-18,109,2
2023-03-19,127,1
2023-03-20,329,1
2023-03-21,261,0
2023-03-22,236,0
2023-03-23,264,2
2023-03-24,259,2
2023-03-25,133,0
2023-03-26,106,2
2023-03-27,299,1
2023-03-28,308,1
2023-03-29,204,2
2023-03-30,256,0
2023-03-31,229,0
2023-04-01,129,1
2023-04-02,91,0
2023-04-03,203,0
2023-04-04,216,0
2023-04-05,148,0
2023-04-06,187,1
2023-04-07,125,1
2023-04-08,113,0
2023-04-09,96,0
2023-04-10,253,0
2023-04-11,252,1
2023-04-12,210,0
2023-04-13,217,1
2023-04-14,165,1
2023-04-15,96,0
2023-04-16,85,1
2023-04-17,181,0
2023-04-18,192,0
2023-04-19,159,0
2023-04-20,135,0
2023-04-21,120,1
2023-04-22,87,0
2023-04-23,59,1
2023-04-24,168,0
2023-04-25,195,0
2023-04-26,135,1
2023-04-27,152,0
2023-04-28,146,1
2023-04-29,74,0
2023-04-30,49,0
2023-05-01,130,0
2023-05-02,192,0
2023-05-03,151,0
2023-05-04,154,0
2023-05-05,104,0
2023-05-06,58,1
2023-05-07,63,0
2023-05-08,171,0
2023-05-09,137,1
2023-05-10,180,0
2023-05-11,167,0
2023-05-12,94,1
2023-05-13,44,0
2023-05-14,49,2
2023-05-15,101,0
2023-05-16,103,0
2023-05-17,99,1
2023-05-18,82,0
2023-05-19,92,1
2023-05-20,42,0
2023-05-21,35,0
2023-05-22,92,0
2023-05-23,88,0
2023-05-24,71,0
2023-05-25,82,0
2023-05-26,44,0
2023-05-27,36,0
2023-05-28,39,0
2023-05-29,33,1
2023-05-30,82,0
2023-05-31,78,0
2023-06-01,67,1
2023-06-02,46,0
2023-06-03,33,0
2023-06-04,30,1
2023-06-05,52,1
2023-06-06,50,1
2023-06-07,58,0
2023-06-08,34,0
2023-06-09,34,0
2023-06-10,26,0
2023-06-11,22,0
2023-06-12,36,0
2023-06-13,39,1
2023-06-14,36,0
2023-06-15,40,0
2023-06-16,45,0
2023-06-17,25,0
2023-06-18,19,0
2023-06-19,42,0
2023-06-20,52,0
2023-06-21,61,0
2023-06-22,45,1
2023-06-23,37,0
2023-06-24,22,1
2023-06-25,18,0
2023-06-26,30,0
2023-06-27,38,1
2023-06-28,33,0
2023-06-29,40,0
2023-06-30,41,0
2023-07-01,31,0
2023-07-02,19,0
2023-07-03,45,1
2023-07-04,20,0
2023-07-05,33,0
2023-07-06,43,1
2023-07-07,37,0
2023-07-08,34,0
2023-07-09,24,0
2023-07-10,40,0
2023-07-11,44,0
2023-07-12,55,0
2023-07-13,45,0
2023-07-14,52,1
2023-07-15,31,0
2023-07-16,33,0
2023-07-17,44,0
2023-07-18,65,0
2023-07-19,69,0
2023-07-20,77,1
2023-07-21,72,0
2023-07-22,45,0
2023-07-23,37,1
2023-07-24,86,0
2023-07-25,83,1
2023-07-26,97,0
2023-07-27,74,0
2023-07-28,89,1
2023-07-29,48,0
2023-07-30,46,0
2023-07-31,78,0
2023-08-01,96,0
2023-08-02,119,0
2023-08-03,97,0
2023-08-04,75,0
2023-08-05,53,0
2023-08-06,54,0
2023-08-07,97,0
2023-08-08,123,0
2023-08-09,129,0
2023-08-10,118,0
2023-08-11,125,0
2023-08-12,99,0
2023-08-13,77,1
2023-08-14,145,0
2023-08-15,157,0
2023-08-16,142,0
2023-08-17,149,1
2023-08-18,134,0
2023-08-19,131,1
2023-08-20,103,0
2023-08-21,192,0
2023-08-22,184,1
2023-08-23,171,2
2023-08-24,173,0
2023-08-25,205,0
2023-08-26,100,0
2023-08-27,113,0
2023-08-28,211,0
2023-08-29,189,0
2023-08-30,204,0
2023-08-31,184,1
2023-09-01,154,0
2023-09-02,126,0
2023-09-03,109,0
2023-09-04,112,0
2023-09-05,252,0
2023-09-06,245,0
2023-09-07,180,0
2023-09-08,152,0
2023-09-09,114,0
2023-09-10,96,0
2023-09-11,145,0
2023-09-12,189,1
2023-09-13,182,1
2023-09-14,181,0
2023-09-15,147,0
2023-09-16,101,0
2023-09-17,96,0
2023-09-18,167,0
2023-09-19,199,0
2023-09-20,160,1
2023-09-21,126,0
2023-09-22,107,0
2023-09-23,78,0
2023-09-24,74,0
2023-09-25,90,0
2023-09-26,34,0
,1602,0
